artist,count
Jason Derulo,248
Maroon 5 Featuring Kendrick Lamar,27
Brett Eldredge,135
Lady Gaga,233
Katy Perry,275
Taylor Swift,570
Zayn,29
Justin Timberlake,157
Ed Sheeran,361
Ariana Grande,263
Jonas Brothers,27
Katy Perry Featuring Snoop Dogg,27
Justin Bieber,231
One Direction,279
Major Lazer Featuring Justin Bieber & MO,27
Post Malone Featuring 21 Savage,40
Post Malone Featuring Ty Dolla $ign,39
Lil Wayne Featuring Drake,68
Maroon 5 Featuring Wiz Khalifa,31
Eminem,114
Ariana Grande Featuring Iggy Azalea,25
Katy Perry Featuring Skip Marley,15
Harry Styles,14
Kendrick Lamar,175
The Weeknd,302
Travis Scott,177
Justin Bieber Featuring Ludacris,29
Bruno Mars,380
Lil Wayne Featuring XXXTENTACION,3
Cardi B & Bruno Mars,17
"Jessie J, Ariana Grande & Nicki Minaj",31
Drake,673
J. Cole,190
Ke$ha Featuring 3OH!3,20
B.o.B Featuring Lil Wayne,20
The Chainsmokers,41
The Weeknd & Kendrick Lamar,20
Post Malone,201
Billie Eilish,115
Miley Cyrus,129
Glee Cast,188
Adele,294
Maroon 5,266
Kelly Clarkson,179
BTS Featuring Halsey,8
Lil Wayne Featuring Cory Gunz,21
Drake Featuring Rihanna,63
Nicki Minaj,255
The Chainsmokers Featuring Halsey,52
Drake Featuring Quavo & Travis Scott,16
Justin Timberlake Featuring Chris Stapleton,16
Drake Featuring Michael Jackson,5
Post Malone & Swae Lee,34
Demi Lovato,209
B.o.B,20
Florida Georgia Line,225
Beyonce,204
Kanye West,133
B.o.B Featuring Hayley Williams,30
Kanye West Featuring Pusha T,13
Jason Aldean,368
will.i.am & Britney Spears,24
Ke$ha,163
Lady Gaga Featuring R. Kelly,19
The Carters,20
Machine Gun Kelly,4
Cardi B Featuring 21 Savage,20
Lil Wayne,71
Ariana Grande Featuring Zedd,22
"Kanye West Featuring Theophilus London, Allan Kingdom & Paul McCartney",15
Post Malone Featuring Swae Lee,5
"Jay-Z, Bono, The Edge & Rihanna",2
Coldplay,143
Rihanna,332
Luke Bryan,417
A Great Big World & Christina Aguilera,26
5 Seconds Of Summer,111
Drake Featuring The Throne,20
David Guetta Featuring Justin Bieber,11
Cardi B,91
Post Malone Featuring Nicki Minaj,14
XXXTENTACION,126
Kent Jones,20
Rae Sremmurd Featuring Gucci Mane,27
Kendrick Lamar & SZA,21
Migos,94
Lana Del Rey & Cedric Gervais,23
Jake Owen,185
Train,174
Passenger,43
Brett Young,105
Sam Hunt,156
Bryson Tiller,88
Dan + Shay,148
Eric Church,269
Alessia Cara,124
Sick Puppies,15
Jay Z Kanye West Featuring Frank Ocean,5
Tim McGraw Featuring Faith Hill,19
YoungBoy Never Broke Again Featuring Kevin Gates & Quando Rondo,2
Lukas Graham,57
Hey Violet,5
Blake Shelton,345
Josh Kelley,3
Jerrod Niemann,85
Craig Campbell,31
Carly Pearce,17
Chris Janson,44
Kip Moore,81
Miguel,93
Lauv,41
Cole Swindell,152
MAX Featuring gnash,27
Sage The Gemini Featuring Nick Jonas,8
Big & Rich,24
Wisin Featuring Ozuna,20
Hot Chelle Rae Featuring New Boyz,20
"benny blanco, Tainy, Selena Gomez & J Balvin",5
Nicki Minaj Featuring Lil Wayne,23
Miranda Lambert,204
G-Eazy x Bebe Rexha,37
Sean Paul Featuring Alexis Jordan,6
Lee Brice,171
Tim McGraw,176
RaeLynn,16
Randy Houser,83
The Ready Set,21
Keyshia Cole Featuring Lil Wayne,9
Brantley Gilbert,129
Chris Young,213
George Strait,91
Imagine Dragons,407
Kanye West Jay Z,7
Juice WRLD,122
Lil Wayne Featuring Big Sean,13
Fifth Harmony Featuring Gucci Mane,10
Future Featuring The Weeknd,38
NF,49
Shontelle,20
Marshmello & Anne-Marie,29
Rich Homie Quan,47
2 Chainz,31
G-Eazy Featuring A$AP Rocky & Cardi B,28
Enrique Iglesias Featuring Sammy Adams,14
Hailee Steinfeld,32
Alexandra Stan,20
Lady Antebellum,282
"DJ Khaled Featuring Justin Bieber, Chance The Rapper & Quavo",15
Mumford & Sons,115
Fall Out Boy,118
Playboi Carti,20
Trey Songz,170
Rich Gang Featuring Young Thug & Rich Homie Quan,25
Sevyn Streeter Featuring Chris Brown,20
Avicii,100
Calvin Harris & Dua Lipa,21
Carrie Underwood,271
Dierks Bentley,194
The Band Perry,178
American Authors,36
Love And Theft,20
Kenny Chesney,242
Pinkfong,20
Eminem Featuring Ed Sheeran,12
Kenny Chesney Featuring P!nk,20
Mike Posner Featuring Lil Wayne,16
Javier Colon,6
Katy Perry Featuring Juicy J,57
Glee Cast Featuring Gwyneth Paltrow,12
T.I. Featuring Eminem,5
Enrique Iglesias With Usher Featuring Lil Wayne,12
B.o.B Featuring Taylor Swift,19
Jennifer Lopez Featuring Iggy Azalea Or Pitbull,9
Beyonce Featuring The Weeknd,3
The Chainsmokers Featuring Phoebe Ryan,16
Usher Featuring Pitbull,34
Sugarland,38
Coldplay Featuring Rihanna,12
Drake Featuring 2 Chainz & Big Sean,20
Lin-Manuel Miranda Featuring Artists For Puerto Rico,1
Post Malone Featuring G-Eazy & YG,3
Drake Featuring JAY-Z,3
Justin Bieber Featuring Big Sean,33
Jordan Smith,7
Trey Songz Featuring Nicki Minaj,46
Logic,17
Chris Stapleton,66
Lee DeWyze,5
Selena Gomez & The Scene,103
Mariah Carey Featuring Miguel,16
Cassadee Pope,25
Kesha,22
6ix9ine Featuring Bobby Shmurda,9
Glee Cast Featuring 2Cellos,2
Zach Sobiech,2
Lil Wayne Featuring Nicki Minaj,7
Jennifer Lopez Featuring Pitbull,53
Nick Jonas Featuring Tove Lo,20
The Weeknd Featuring Kendrick Lamar,4
"DJ Snake Featuring Selena Gomez, Ozuna & Cardi B",26
Shakira Featuring Rihanna,19
Beyonce Featuring Jack White,2
Zedd & Alessia Cara,31
Cardi B Featuring Kehlani,20
J. Cole Featuring kiLL edward,2
Lady Gaga & Bradley Cooper,37
Lil Baby,60
XXXTENTACION x Lil Pump Featuring Maluma & Swae Lee,17
Lil Uzi Vert,137
Glee Cast Featuring Jonathan Groff,9
Alison Gold,1
Britney Spears & Iggy Azalea,8
Taylor Swift Featuring The Civil Wars,17
Linkin Park,62
6ix9ine Featuring Anuel AA,5
Rihanna Featuring Jay-Z,20
Calvin Harris Featuring John Newman,20
Justin Bieber Featuring Halsey,7
Ariana Grande Featuring Nicki Minaj,30
OneRepublic,234
"Lil Wayne, Wiz Khalifa & Imagine Dragons With Logic & Ty Dolla $ign Feat. X Ambassadors",22
T-Pain Featuring Chris Brown,20
Fetty Wap,116
21 Savage,71
Mac Miller,25
Sam Smith & Normani,22
No Doubt,8
Fetty Wap Featuring Remy Boyz,40
Calvin Harris Featuring Frank Ocean & Migos,20
Ed Sheeran Featuring Chance The Rapper & PnB Rock,3
Steven Tyler,5
Ciara,41
Kanye West Featuring Paul McCartney,8
JAY-Z,30
will.i.am Featuring Mick Jagger & Jennifer Lopez,8
Drake Featuring 2 Chainz & Young Thug,3
Gene Autry,7
Kings Of Leon,17
New Boyz Featuring The Cataracs & Dev,20
Toby Keith,91
Sawyer Fredericks,7
Future Featuring Rihanna,10
Red Hot Chili Peppers,19
Carly Rae Jepsen,71
"Dove Cameron, Cameron Boyce, Booboo Stewart & Sofia Carson",6
N.W.A,2
Drake Featuring 21 Savage,14
Metro Boomin Featuring 21 Savage,8
Jay Sean Featuring Sean Paul & Lil Jon,14
Yo Gotti Featuring Nicki Minaj,43
The Black Eyed Peas,138
Usher,121
P!nk,209
Lorde,122
Gym Class Heroes Featuring Neon Hitch,23
Charli XCX,28
Rich The Kid,25
Tyga Featuring Offset,29
Old Dominion,135
Little Big Town,125
Michael Ray,39
Major Lazer & DJ Snake Featuring MO,48
Ski Mask The Slump God,12
Disclosure Featuring Sam Smith,39
Kehlani Featuring Ty Dolla $ign,9
August Alsina,18
Frank Ocean,38
Chase Rice,51
Frankie Ballard,55
Kid Ink Featuring Chris Brown,52
Pitbull Featuring John Ryan,20
Dustin Lynch,118
David Guetta & Chris Willis Featuring Fergie & LMFAO,20
Thompson Square,81
Young Jeezy Featuring Ne-Yo,20
DJ Snake Featuring Bipolar Sunshine,21
Billy Currington,168
Dia Frampton,7
"Tyga Featuring Cedric Gervais, Wiz Khalifa & Mally Mall",12
Enrique Iglesias Featuring Wisin,8
Major Lazer Featuring Nyla & Fuse ODG,20
Marsha Ambrosius,19
Tyga Featuring Young Thug,11
Snoop Dogg,14
Nate Ruess,4
James Bay,34
Mary J. Blige Featuring Drake,9
Migos Featuring Post Malone,5
Tori Kelly,32
Of Monsters And Men,48
Future,174
Chris Cagle,12
Justin Moore,123
The Swon Brothers,13
Monica,35
Dua Lipa,71
Cardi B Featuring SZA,5
Meek Mill Featuring Tory Lanez,4
Lil Baby Featuring Gunna & Lil Uzi Vert,6
Lil Wayne & Charlie Puth,7
Pearl Jam,15
Canaan Smith,20
Bebe Rexha & Florida Georgia Line,51
"A$AP Rocky Featuring Drake, 2 Chainz & Kendrick Lamar",27
Michael Jackson & Justin Timberlake,20
Naughty Boy Featuring Sam Smith,20
Ca$h Out,23
Chris Brown,244
Luke Combs,124
James Arthur,52
Justin Bieber Featuring Usher,19
Krewella,21
Ayo & Teo,25
KONGOS,21
"French Montana Featuring Rick Ross, Drake, Lil Wayne",22
"DJ Khaled Featuring T-Pain, Ludacris, Snoop Dogg & Rick Ross",24
Zac Brown Band Featuring Alan Jackson,20
Jon Pardi,91
Fifth Harmony Featuring Fetty Wap,18
YoungBoy Never Broke Again,55
Rae Sremmurd,120
Daughtry,65
ScHoolboy Q Featuring BJ The Chicago Kid,20
Trinidad James,20
DNCE,56
A$AP Ferg Featuring Nicki Minaj,21
lovelytheband,22
Lil Wayne Featuring 2 Chainz,20
Dean Lewis,29
Breathe Carolina,20
Shawn Mendes,192
Tyler Farr,58
Easton Corbin,107
Chris Brown Featuring Lil Wayne & French Montana Or Too $hort Or Tyga,36
Hunter Hayes,110
Chris Brown Featuring Nicki Minaj,26
Pentatonix,22
Adam Lambert,68
The Script,105
John Newman,18
Jason Aldean Featuring Miranda Lambert,19
Big Sean Featuring Kanye West & Roscoe Dash,20
Kiiara,27
Taio Cruz Featuring Travie McCoy,15
Usher Featuring Young Thug,20
Joe Nichols,62
SZA Featuring Travis Scott,20
Khalid,142
Zac Brown Band,221
Thomas Rhett,238
Jason Aldean With Kelly Clarkson,31
Swedish House Mafia Featuring John Martin,33
Charlie Puth Featuring Kehlani,9
Lil Wayne Featuring Snoop Dogg,1
Lil Wayne Featuring Nivea,1
Tyga Featuring Rick Ross,10
Nipsey Hussle Featuring Belly & DOM KENNEDY,3
3OH!3,10
Britney Spears,77
Baauer,20
"DJ Khaled Featuring Justin Bieber, Quavo, Chance The Rapper & Lil Wayne",22
Eminem Featuring Rihanna,58
Lil Wayne Featuring Kendrick Lamar,8
Ed Sheeran & Justin Bieber,5
6ix9ine Featuring Nicki Minaj & Murda Beatz,20
Dr. Dre Featuring Eminem & Skylar Grey,20
Bad Bunny Featuring Drake,27
Logic Featuring Eminem,5
Wiz Khalifa,107
Zayn / Taylor Swift,23
BlocBoy JB Featuring Drake,25
Eminem Featuring Joyner Lucas,14
Kanye West & Lil Pump,12
Meek Mill Featuring Drake,59
Maroon 5 Featuring Christina Aguilera,49
Jason Mraz,45
Jay Z Featuring Justin Timberlake,27
"Cardi B, Bad Bunny & J Balvin",51
3OH!3 Featuring Ke$ha,18
Selena Gomez Featuring A$AP Rocky,26
Lil Dicky Featuring Chris Brown,20
Chris Brown Featuring Drake,1
LOCASH,29
Jazmine Sullivan,12
Steel Magnolia,15
William Michael Morgan,9
Usher Featuring Jay-Z,16
Rihanna Featuring Future,20
Jimmy Fallon Featuring will.i.am,2
Matthew Schuler,2
The Fray,27
Drake Featuring Kanye West,2
Drake Featuring Jhene Aiko,2
"DJ Khaled Featuring Chris Brown, Lil Wayne & Big Sean",16
Kacey Musgraves,17
Maddie & Tae,34
Trace Adkins,26
Pitbull Featuring Shakira,2
"DJ Drama Featuring 2 Chainz, Meek Mill & Jeremih",7
Chase Bryant,19
Chris Brown Featuring Justin Bieber,3
Ray J Featuring Bobby Brackins,3
Nicky Jam & Enrique Iglesias,30
YFN Lucci Featuring PnB Rock,20
Maluma,21
Darius Rucker,145
Rita Ora,15
Tech N9Ne Featuring 2 Chainz & B.o.B,7
Matt Nathanson,12
Hadouken!,15
Kevin Gates Featuring August Alsina,9
Jennifer Lopez Featuring Lil Wayne,15
Martin Solveig & Dragonette,20
Eric Paslay,42
Jana Kramer,41
Twista Featuring Chris Brown,14
Future Featuring T.I.,9
David Nail Featuring Sarah Buxton,20
Kid Cudi,4
Kelsea Ballerini,98
Elle King,38
Miranda Lambert Duet With Carrie Underwood,20
Cardi B Featuring Chance The Rapper,3
KIDS SEE GHOSTS,7
Matt McAndrew,4
Chris Brown & Tyga,20
The Weeknd Featuring Daft Punk,56
Louis Tomlinson Featuring Bebe Rexha & Digital Farm Animals,10
Elvis Presley,1
Justin Bieber Featuring Chance The Rapper,3
Gucci Mane Featuring Drake,22
Drake Featuring Static Major & Ty Dolla $ign,3
The Ronettes,3
Perry Como,2
John Mayer,48
will.i.am Featuring Justin Bieber,16
Empire Cast Featuring Estelle & Jussie Smollett,2
Iggy Azalea,29
Maroon 5 Featuring Future,20
Liam Payne Featuring Quavo,28
Marshmello Featuring Khalid,22
KIDS SEE GHOSTS Featuring Louis Prima,1
Iyaz,35
Chris Brown Featuring Benny Benassi,4
Fifth Harmony,44
Selena Gomez,165
Lauren Duski,3
Nicki Minaj Featuring Ariana Grande,11
T-Pain Featuring Joey Galaxy,7
Childish Gambino,91
Nipsey Hussle Featuring Roddy Ricch & Hit-Boy,10
Michael Jackson,6
A$AP Rocky Featuring Skepta,8
General Larry Platt,3
Gwen Stefani,20
The Weeknd Featuring Future,2
Burl Ives,9
Katy Perry Featuring Nicki Minaj,10
Playboi Carti Featuring Lil Uzi Vert,14
6ix9ine Featuring DJ SPINKING,5
Trippie Redd,11
Jay Z Kanye West Featuring Otis Redding,20
The Weeknd Featuring Lana Del Rey,4
Camila Cabello,57
"JAY-Z Featuring Damian ""Jr. Gong"" Marely",1
Carrie Underwood Featuring Ludacris,3
Young Money Featuring Gucci Mane,20
Bow Wow Featuring Lil Wayne,1
T-Pain Featuring Lil Wayne,2
Migos Featuring Gucci Mane,22
Migos Featuring 21 Savage,2
Ariana Grande Featuring Big Sean,10
Offset,4
Jay Sean Featuring Nicki Minaj,14
T.I. Featuring Lil Wayne,22
Eazy-E,2
Drake Featuring Sampha,2
Future & Young Thug Featuring Offset,4
Darlene Love,2
"Ke$ha Featuring Lil Wayne, Wiz Khalifa, T.I. & Andre 3000",2
Nicki Minaj Featuring Chris Brown,15
Zedd Featuring Hayley Williams,22
Metro Boomin Featuring Gunna,6
Kodak Black Featuring Lil Wayne,13
DJ Khaled Featuring Travis Scott & Post Malone,1
Taio Cruz Featuring Ludacris,29
Rihanna Featuring Britney Spears,26
Matt Nathanson Featuring Sugarland,1
Ellie Goulding,183
Thomas Rhett Featuring Maren Morris,20
Kodak Black Featuring XXXTENTACION,25
"2 Chainz, Drake & Quavo",2
Justin Bieber Featuring R. Kelly,1
"Nicki Minaj Featuring Drake, Lil Wayne & Chris Brown",25
Big Sean Featuring Drake,20
Nick Jonas & Nicki Minaj,1
Meek Mill Featuring Ella Mai,10
"Kanye West, Jay-Z, Big Sean",22
Rebecca Black & Dave Days,1
Sam Smith,141
BLACKPINK,5
Trippie Redd Featuring Juice WRLD,3
Charice Featuring Iyaz,2
Nicki Minaj Featuring Eminem,5
Sia,80
Emily Ann Roberts,1
Wiz Khalifa Featuring Travi$ Scott,2
The Chainsmokers & Coldplay,39
JAY-Z Featuring Gloria Carter,1
Young Jeezy Featuring Lil Wayne,5
Rihanna Featuring Mikky Ekko,32
Cardi B & YG,2
"Khalid, Ty Dolla $ign & 6LACK",18
Meek Mill,16
A Boogie Wit da Hoodie Featuring 6ix9ine,20
Khalid & Kane Brown,11
Sade,11
Hugh Laurie,2
Rick Ross Featuring Drake & French Montana,2
Tony Lucca,1
Phillip Phillips,79
Chris Brown Featuring Usher & Gucci Mane,20
Khalid With John Mayer,1
DaBaby,11
Calvin Harris,62
Timbaland Featuring Justin Timberlake,24
T-Pain Featuring Wiz Khalifa & Lily Allen,20
Natalie La Rose Featuring Jeremih,26
Far*East Movement Featuring Ryan Tedder,20
Travie McCoy Featuring Bruno Mars,27
Becky G,23
Blake Shelton Featuring Pistol Annies & Friends,21
Clean Bandit Featuring Jess Glynne,31
Gotye Featuring Kimbra,59
Big Sean Featuring Nicki Minaj,24
Jeremih Featuring YG,31
Mike Posner,86
Diddy - Dirty Money Featuring Skylar Grey,24
Ace Hood,16
Matisyahu,6
J Balvin,15
A Boogie Wit da Hoodie,43
Yo Gotti,6
Jay Z Featuring Rick Ross,9
Russ,27
Kristen Bell & Santino Fontana,4
Josh Turner,75
Travis Porter,16
Chris Lane,16
Ne-Yo,52
Eminem Featuring Lil Wayne,20
Ciara Featuring Nicki Minaj,5
YNW Melly Featuring Kanye West,18
Drake & Future,89
Lil Skies,8
Scotty McCreery,102
Flipp Dinero,25
Andy Grammer,89
Reba,36
Skrillex Featuring Sirah,24
Ingrid Michaelson,20
XXXTentacion,36
Descendants 2 Cast,4
Loren Allred,4
Wale Featuring Sam Dew,8
"Artists Of Then, Now & Forever",4
Shakira,37
French Montana Featuring Nicki Minaj,7
Dennis Lloyd,4
"Machine Gun Kelly, X Ambassadors & Bebe Rexha",4
B.o.B Featuring Trey Songz,9
Brothers Osborne,36
Justin Bieber Featuring Jaden Smith,19
Lil Yachty Featuring NBA YoungBoy,4
Lifehouse,19
Steve Aoki & Louis Tomlinson,6
Breaking Benjamin,11
6ix9ine Featuring Nicki Minaj & Kanye West,4
Yo Gotti Featuring E-40,9
Lupe Fiasco Featuring Ed Sheeran,5
Calvin Harris Featuring Kehlani & Lil Yachty,4
Drake Featuring WizKid & Kyla,36
Lupe Fiasco Featuring Trey Songz,17
Kid Ink Featuring DeJ Loaf,20
Jaron And The Long Road To Love,20
George Ezra,23
Offset & Metro Boomin,31
Ace Hood Featuring Future & Rick Ross,20
Rob $tone Featuring J. Davi$ & Spooks,26
J. Cole Featuring TLC,20
Luis Fonsi & Daddy Yankee Featuring Justin Bieber,51
"Rich Gang Featuring Lil Wayne, Birdman, Future, Mack Maine, Nicki Minaj",20
Afrojack Featuring Eva Simons,20
Dierks Bentley Featuring Brothers Osborne,17
"Chris Brown Featuring Yo Gotti, A Boogie Wit da Hoodie & Kodak Black",19
Parmalee,38
Foster The People,69
Rodney Atkins,44
Keith Urban,257
Soulja Boy Tell'em,16
Jimmie Allen,20
KCamp Featuring 2 Chainz,20
A Thousand Horses,20
Bridgit Mendler,14
Gym Class Heroes Featuring Ryan Tedder,15
Christina Perri,79
The Wanted,55
Ciara Featuring Ludacris,20
Sara Evans,26
Nicole Scherzinger Featuring 50 Cent,12
Trey Songz Featuring T.I.,20
Robin Schulz Featuring Francesco Yates,15
Gloriana,24
Rascal Flatts,148
Young Thug,39
GoldLink Featuring Brent Faiyaz & Shy Glizzy,21
Brad Paisley,178
T.I. Featuring Young Thug,20
DLOW,15
DeJ Loaf Featuring Big Sean,18
Sia Featuring Sean Paul,52
Young Thug And Travis Scott Featuring Quavo,20
Nicki Minaj Featuring 2 Chainz,20
Jeremih Featuring J. Cole,20
Robin Thicke,20
Neon Trees,91
"DJ Khaled Featuring Nicki Minaj, Chris Brown, August Alsina, Jeremih, Future & Rick Ross",20
Clay Walker,18
Keith Urban Featuring Eric Church,14
Daya,51
will.i.am & Nicki Minaj,15
Tory Lanez & Rich The Kid,16
O.T. Genasis Featuring Young Dolph,20
Granger Smith,19
Bebe Rexha,32
Emeli Sande,20
Marshmello Featuring CHVRCHES,14
Luke Bryan Featuring Karen Fairchild,19
Jeremih Featuring 50 Cent,33
T.I. Featuring Iggy Azalea,20
Calvin Harris & Disciples,20
Pitbull Featuring Chris Brown,41
Tove Lo,74
Florida Georgia Line Featuring Tim McGraw,20
N*E*R*D & Rihanna,21
Fergie,21
Snoop Dogg Featuring The-Dream,11
T.I. Featuring Keri Hilson,20
Pitbull Featuring T-Pain,31
Rich The Kid Featuring Kendrick Lamar,19
Ella Henderson,20
Sean Kingston Featuring Nicki Minaj,20
"DJ Khaled Featuring Drake, Rick Ross & Lil Wayne",42
Martin Garrix & Bebe Rexha,23
Calboy,26
"DJ Khaled Featuring Chris Brown, August Alsina, Future & Jeremih",20
Taylor Swift Featuring Ed Sheeran & Future,13
21 Savage & Metro Boomin,21
A Boogie Wit da Hoodie Featuring Kodak Black,21
Kirko Bangz,22
Shinedown,16
Dylan Scott,31
Zedd Featuring Selena Gomez,16
Flo Rida Featuring Robin Thicke & Verdine White,14
Flume Featuring Kai,26
David Guetta Featuring Kid Cudi,18
Kane Brown,66
"2 Chainz Featuring Ty Dolla $ign, Trey Songz & Jhene Aiko",20
Blake Shelton Featuring Gwen Sebastian,16
"Kevin Rudolf Featuring Birdman, Jay Sean, & Lil Wayne",20
Charlie Puth,95
Icona Pop Featuring Charli XCX,29
Portugal. The Man,44
Sage The Gemini Featuring IamSu!,25
Avril Lavigne,56
Robin Thicke Featuring Kendrick Lamar,12
Rachel Platten,51
DJ Khaled Featuring Jay Z & Future,17
Charlie Puth Featuring Meghan Trainor,20
Jay-Z + Swizz Beatz,14
Flo Rida,129
Brad Paisley Featuring Alabama,20
Big Sean,63
Drake Featuring Nicki Minaj,22
Shakira Featuring Lil Wayne,6
BTS,11
Lil Wayne Featuring Travis Scott,2
Chris Brown Featuring Lil Wayne & Busta Rhymes,27
Meghan Trainor,153
BTS Featuring Nicki Minaj,3
Nelly,36
PSY,46
Beyonce Featuring Jay Z,20
DJ Snake Featuring Justin Bieber,33
Madonna Featuring Nicki Minaj & M.I.A.,6
"Tyler, The Creator",13
Usher Featuring will.i.am,30
twenty one pilots,147
"Nicki Minaj, Drake & Lil Wayne",7
Kendrick Lamar Featuring Rihanna,26
"Migos, Nicki Minaj & Cardi B",21
Drake Featuring Lil Wayne,77
Lil Baby & Gunna Featuring Drake,8
Halsey,110
Bad Meets Evil Featuring Bruno Mars,22
Lil Wayne Featuring Bruno Mars,17
Kanye West Featuring PARTYNEXTDOOR,4
Britney Spears Featuring G-Eazy,9
Lil Dicky,6
Lil Wayne Featuring Eminem,20
Jay Sean Featuring Lil Wayne,18
Owl City & Carly Rae Jepsen,24
Kanye West Featuring Cam'ron & Consequence,1
DJ Khaled Featuring Drake,24
Kendrick Lamar Featuring Zacari,39
Daft Punk Featuring Pharrell Williams,29
Maejor Ali Featuring Juicy J & Justin Bieber,4
Lauren Alaina,14
Justin Bieber + BloodPop,10
Far*East Movement Featuring Justin Bieber,1
Drake Featuring Majid Jordan,33
G-Eazy & Halsey,19
Cardi B Featuring Migos,10
DJ Khaled Featuring Nipsey Hussle & John Legend,2
Kid Cudi Featuring Kanye West,5
Eminem Featuring Sia,4
Big Sean Featuring Eminem,3
Christina Aguilera,19
Colbie Caillat,82
Lil Pump,38
Eminem Featuring Royce Da 5'9,3
Glee Cast Featuring Neil Patrick Harris,2
Taio Cruz,47
PSY Featuring Snoop Dogg,1
Future & Juice WRLD,14
50 Cent Featuring Eminem & Adam Levine,3
Gesaffelstein & The Weeknd,6
BTS Featuring Desiigner,9
Lil Baby & Gunna,38
Eminem Featuring Dr. Dre,1
Sean Kingston & Justin Bieber,18
The Lonely Island Featuring Akon,11
Meek Mill Featuring Cardi B,2
Glee Cast Featuring Idina Menzel,2
Bad Meets Evil,2
Diddy - Dirty Money Featuring T.I.,20
Craig Wayne Boyd,3
Gucci Mane Featuring Migos,26
Young Jeezy Featuring Plies,15
Beyonce Featuring Kendrick Lamar,2
Bruno Mars & Cardi B,23
The Weeknd Featuring Gesaffelstein,2
Paramore,67
Lil Wayne Featuring Reginae Carter,1
Alicia Keys Featuring Nicki Minaj,30
"Kanye West, Big Sean, Pusha T, 2 Chainz",32
Drake Featuring Future,9
Kenny Chesney & Tim McGraw,7
Panic! At The Disco,70
David Bowie,3
Drake Featuring Giggs,4
iLoveMemphis,21
XXXTentacion Featuring Trippie Redd,7
Dean Martin,4
Katy Perry Featuring Kanye West,30
Green Shoe Studio Featuring Jacob Colgan & Fred Stobaugh,1
Perry Como & The Fontane Sisters,1
Usher Featuring Nicki Minaj,18
Nicki Minaj Featuring Beyonce,20
T-Wayne,20
Khalid & Normani,51
Logic & Marshmello,13
DJ Khaled Featuring SZA,4
T.I.,19
Jose Feliciano,4
Lana Del Rey,31
Zayn Featuring Sia,16
Waka Flocka Flame Featuring Roscoe Dash & Wale,32
Adam Levine & Javier Colon,1
2 Chainz Featuring Drake,26
Romeo Santos Featuring Drake,11
Drake Featuring Jorja Smith & Black Coffee,2
Queen Naija,22
John & Yoko/The Plastic Ono Band With The Harlem Community Choir,2
Ludacris Featuring Nicki Minaj,20
"Sheryl Crow, Kid Rock & Keith Urban",1
Luis Fonsi & Demi Lovato,19
Lil Peep & XXXTENTACION,11
French Montana Featuring Drake,31
Future Featuring Travis Scott,3
Justin Timberlake & Matt Morris Featuring Charlie Sexton,3
Andy Williams,9
Quavo Featuring Drake,1
Dr. Dre Featuring Snoop Dogg & Akon,17
Lin-Manuel Miranda & Ben Platt,1
Frank Sinatra,1
Offset Featuring Travis Scott & 21 Savage,1
Wham!,8
Avenged Sevenfold,7
"Meek Mill Featuring T.I., Birdman, Lil Wayne, DJ Khaled, Rick Ross & Swizz Beatz",2
Tessanne Chin,2
"Calvin Harris Featuring Pharrell Williams, Katy Perry & Big Sean",18
JAY-Z Featuring Beyonce,1
Wiz Khalifa Featuring Too $hort,9
Tyga Featuring Lil Wayne,22
Auli'i Cravalho,20
Linkin Park Featuring Kiiara,19
Ozuna x Cardi B,14
Glee Cast Featuring Kristin Chenoweth,4
Lil Wayne Featuring Drake & Future,22
Spose,9
Nelly Featuring T-Pain & Akon,1
Rihanna & Kanye West & Paul McCartney,20
Justin Bieber Featuring Travi$ Scott,3
Lil Baby & Gunna Featuring Lil Durk & NAV,1
TakeOff,3
Alicia Keys,37
Michael Buble,38
Kelly Rowland Featuring Lil Wayne,37
Pistol Annies,3
John Legend,80
ScHoolboy Q,15
Bazzi,37
Logic Featuring Wiz Khalifa,1
"Benny Blanco, Halsey & Khalid",23
Kodak Black,64
Gunna,5
Christopher Wilde,2
Lil Wayne Featuring Rick Ross,20
Blake Shelton & Dia Frampton,1
Tamar Braxton,21
Zay Hilfigerrr & Zayion McCall,21
"21 Savage, Offset & Metro Boomin Featuring Travis Scott",7
will.i.am Featuring Miley Cyrus,1
Migos Featuring Travis Scott,2
6ix9ine,36
Nicki Minaj Featuring Eminem & Labrinth,1
Kodak Black Featuring Juice WRLD,1
Sara Bareilles,69
Tim McGraw With Taylor Swift,20
Leonard Cohen,1
6ix9ine Featuring Tory Lanez,6
Joyner Lucas Featuring Logic,2
"Pitbull Featuring Ne-Yo, Afrojack & Nayer",45
Austin Mahone Featuring Pitbull,15
Chance The Rapper,1
k.d. lang,1
Young Jeezy Featuring Jay-Z & Andre 3000,15
Taio Cruz Featuring Flo Rida,1
Tegan And Sara Featuring The Lonely Island,3
A$AP Rocky,4
Kehlani,18
Drake Featuring Young Thug,2
Future & Young Thug,3
Mason Ramsey,2
XXXTENTACION Featuring Kanye West & Travis Barker,1
Gucci Mane Featuring Offset,2
Lil Skies Featuring Yung Pinch,3
K'Naan Featuring Nelly Furtado,2
Three 6 Mafia Vs. Tiesto With Sean Kingston & Flo Rida,2
Jennifer Lopez,8
Tyga,27
Alabama Shakes,2
Lil Uzi Vert Featuring Pharrell Williams,2
Hunter Hayes Featuring Jason Mraz,9
Alan Walker,8
Daniel Caesar Featuring Kali Uchis,6
Maxwell,6
Sunny Sweeney,12
Dove Cameron,2
David Nail,30
Wiz Khalifa Featuring Swae Lee,7
Muse,36
Bryce Vine Featuring YG,2
Waka Flocka Flame,11
"Future Featuring Pharrell, Pusha T & Casino",18
"DJ Drama Featuring Fabolous, Roscoe Dash & Wiz Khalifa",3
Flo Rida Featuring Sage The Gemini & Lookas,35
Enrique Iglesias Featuring Romeo Santos,4
Iggy Azalea Featuring Charli XCX,39
gnash Featuring Olivia O'Brien,39
Olly Murs Featuring Chiddy Bang,2
Belly Featuring The Weeknd,17
A$AP Rocky Featuring ScHoolboy Q,2
Ludacris Featuring Miguel,2
David Lee Murphy & Kenny Chesney,13
Green Day,4
Ski Mask The Slump God Featuring Juice WRLD,6
The Lonely Island Featuring Michael Bolton,2
Kid Cudi Featuring King Chip,2
Garrett Hedlund & Leighton Meester,2
Fetty Wap Featuring Monty,28
"Hustle Gang Featuring T.I., B.o.B, Kendrick Lamar & Kris Stephens",2
Steve Holy,7
Meek Mill Featuring Future,2
Chedda Da Connect,4
Alesso Featuring Tove Lo,20
The Lumineers,89
Melanie Fiona,24
Meghan Trainor Featuring John Legend,39
Maren Morris,76
Gary Allan,20
Blake Shelton Featuring Trace Adkins,20
Blake Shelton Featuring Ashley Monroe,17
LANCO,20
Rascal Flatts Featuring Natasha Bedingfield,23
Tiesto & Dzeko Featuring Preme & Post Malone,19
Mark Ronson Featuring Miley Cyrus,13
Wale Featuring Miguel,20
Eli Young Band,94
Lil Wayne Featuring Detail,22
Ruth B,22
Mary J. Blige,19
Wale,15
Famous Dex,15
August Alsina Featuring Trinidad James,20
Tee Grizzley,20
Nick Jonas,65
Kiesza,14
Gucci Mane,12
Midland,29
Jamie Foxx Featuring Drake,18
Trey Songz Featuring Drake,23
Lil Skies Featuring Landon Cube,33
Ozuna & Romeo Santos,20
Bryce Vine,14
Anuel AA & Romeo Santos,20
Macklemore Featuring Skylar Grey,19
J. Cole Featuring Missy Elliott,19
2 Chainz Featuring Pharrell,13
Cheat Codes Featuring Demi Lovato,23
Daddy Yankee,23
Auburn Featuring Iyaz,13
Lloyd,19
Selena Gomez Featuring Gucci Mane,12
Summer Walker X Drake,16
Fitz And The Tantrums,32
Kelly Rowland,13
XXXTENTACION Featuring Trippie Redd,13
AJR,23
Chief Keef,14
M83.,20
Beyonce Featuring Andre 3000,18
Milky Chance,25
DJ Khaled Featuring Beyonce & JAY Z,14
Ke$ha Featuring will.i.am Or Juicy J,13
Pitbull Featuring Akon,12
Jordan Davis,32
J. Cole Featuring Trey Songz,20
PnB Rock,19
Vance Joy,44
50 Cent Featuring Ne-Yo,6
"Casper Magico, Nio Garcia, Darell, Nicky Jam, Ozuna & Bad Bunny",21
YC Featuring Future,17
Gucci Mane Featuring Usher,9
Logic Featuring Alessia Cara & Khalid,41
Travis Porter Featuring Tyga,19
Lil' Duval Featuring Snoop Dogg & Ball Greezy,19
Rick Ross Featuring Styles P,16
Dreezy Featuring Jeremih,18
K Camp,15
Martin Garrix,34
Kevin Gates,53
Kendrick Lamar Featuring Drake,24
Tiesto,13
Lil Xan,19
X Ambassadors,69
Cash Cash Featuring Bebe Rexha,13
Famous Dex Featuring A$AP Rocky,19
Cam,25
Ronnie Dunn,26
Brantley Gilbert Featuring Justin Moore & Thomas Rhett,20
Greg Bates,16
YBN Nahmir,16
Sage The Gemini,21
David Guetta Featuring Sam Martin,15
My Chemical Romance,18
Russell Dickerson,38
Brandy Featuring Chris Brown,14
"Kristen Bell, Agatha Lee Monn & Katie Lopez",18
Ella Mai,78
Wiz Khalifa Featuring The Weeknd,16
"DJ Khaled Featuring Chris Brown, Rick Ross, Nicki Minaj & Lil Wayne",20
Bastille,54
Florence + The Machine,43
Rob Thomas,20
Juicy J Featuring Wale & Trey Songz,19
fun.,76
Ty Dolla $ign Featuring Future & Rae Sremmurd,18
Kid Ink Featuring Fetty Wap,14
Zendaya,21
Young Jeezy Featuring 2 Chainz,14
French Montana,13
Driicky Graham,13
Arctic Monkeys,20
"Wale Featuring Rick Ross, Meek Mill & T-Pain",13
Roscoe Dash Featuring Soulja Boy Tell'em,12
Drake Featuring The Weeknd,20
Yo Gotti Featuring Lil Baby,20
Ace Hood Featuring Chris Brown,13
Fantasia,12
Anna Kendrick,44
Pia Mia Featuring Chris Brown & Tyga,11
Chris Young Featuring Vince Gill,11
Calvin Harris & Sam Smith,12
Jacquees,25
New Boyz Featuring Iyaz,11
SoMo,15
LMFAO,53
Miguel Featuring J. Cole,14
2 Chainz Featuring Travis Scott,13
Yella Beezy,20
Passion Pit,22
Daniel Caesar Featuring H.E.R.,19
Kid Ink Featuring Usher & Tinashe,18
AWOLNATION,79
Kygo Featuring Miguel,11
Bobby Brackins Featuring Ray J,11
Mann,11
Foo Fighters,26
Young Money,11
Ludacris Featuring Trey Songz,11
Dawin,11
Robin Thicke Featuring T.I. + Pharrell,48
MAGIC!,41
Wiz Khalifa Featuring Charlie Puth,52
OMI,35
Brad Paisley Duet With Carrie Underwood,20
"Kanye West Featuring Teyana Taylor, Nicki Minaj & Bon Iver",1
Flume Featuring Tove Lo,4
Bazzi Featuring Camila Cabello,27
Pitbull,26
New Boyz Featuring Chris Brown,19
Rick Ross Featuring Lil Wayne Or T.I.,2
Tim McGraw & Faith Hill,3
Quavo Featuring 21 Savage,1
Akon,10
Game Featuring Lil Wayne,1
Calvin Harris Featuring Future & Khalid,4
Metro Boomin Featuring Travis Scott,1
Rihanna Featuring Chris Brown,20
Band Aid 30,1
JAY-Z Featuring Frank Ocean,1
Offset Featuring Cardi B,10
Flo Rida Featuring David Guetta,29
Linkin Park X Steve Aoki,1
Drake Featuring Jay Z,10
Nicki Minaj X Mike WiLL Made-It,2
A$AP Rocky Featuring Moby,2
A Boogie Wit da Hoodie Featuring Offset & Tyga,9
Christina Grimmie & Adam Levine,1
Major Lazer Featuring PARTYNEXTDOOR & Nicki Minaj,1
Zayn Featuring PARTYNEXTDOOR,3
"YG Featuring 2 Chainz, Big Sean & Nicki Minaj",24
Lil Baby Featuring Gunna,1
"Five Finger Death Punch Featuring Kenny Wayne Shepherd, Brantley Gilbert & Brian May",1
Van Halen,1
Christina Perri Featuring Steve Kazee,3
Skrillex & Rick Ross,10
Sundance Head,2
Gucci Mane Featuring The Weeknd,3
SOB X RBE,4
The Chainsmokers & Bebe Rexha,2
Vicci Martinez,3
Calvin Harris Featuring Ellie Goulding,45
DJ Khaled & Calvin Harris Featuring Travis Scott & Jeremih,1
Anuel AA & Karol G,11
Avicii Featuring Aloe Blacc,4
Pitbull Featuring T-Pain & Sean Paul,2
Skrillex,17
Keith Urban Featuring Carrie Underwood,23
Little Mix,20
Ozuna x Daddy Yankee x J Balvin x Farruko x Anuel AA,7
Bad Bunny & Tainy,1
Lupe Fiasco Featuring MDMA,1
"Mike WiLL Made-It Featuring Miley Cyrus, Wiz Khalifa & Juicy J",23
Nicki Minaj Featuring Skylar Grey,6
"Kid Ink, Tyga, Wale, YG & Rich Homie Quan",3
Big Sean Featuring Migos,1
Drake Featuring PARTYNEXTDOOR,10
Juicy J Featuring Lil Wayne & 2 Chainz,20
Lil Dicky Featuring Fetty Wap & Rich Homie Quan,19
"Kanye West, Gucci Mane, Big Sean, 2 Chainz, Travi$ Scott, Yo Gotti, Quavo, Desiigner",3
The Chainsmokers Featuring XYLO,2
Nicki Minaj & Lil Wayne,1
Huncho Jack,5
Kendrick Lamar & Travis Scott,2
B.o.B Featuring T.I. & Playboy Tre,1
Keri Hilson,22
Justin Bieber Featuring Nicki Minaj,24
Ludacris Featuring Usher & David Guetta,10
James Wolpert,1
Trippie Redd Featuring Travis Scott,6
Sugarland Featuring Taylor Swift,2
Lil Pump Featuring Lil Wayne,1
NAV Featuring The Weeknd,1
Lil Nas X Featuring Billy Ray Cyrus,15
Maroon 5 Featuring Cardi B,52
Ariana Grande & The Weeknd,22
Pharrell Williams,62
Taylor Swift Featuring Brendon Urie,8
P!nk Featuring Nate Ruess,36
Rihanna Featuring Jeezy,16
Ludacris,21
YNW Melly,20
"Macklemore & Ryan Lewis Featuring Eric Nally, Melle Mel, Kool Moe Dee & Grandmaster Caz",20
B.o.B Featuring Bruno Mars,28
Far*East Movement Featuring Cataracs & Dev,26
R. City Featuring Adam Levine,27
Kygo x Selena Gomez,29
Zara Larsson & MNEK,23
"David Guetta Featuring Nicki Minaj, Bebe Rexha & Afrojack",24
YG Featuring Jeezy & Rich Homie Quan,28
Lady Gaga Featuring Beyonce,30
Young M.A,20
Orianthi,19
Niall Horan,64
Amine,28
Echosmith,43
O.T. Genasis,20
Timbaland Featuring Drake,20
Edward Maya & Vika Jigulina,28
Iggy Azalea Featuring M0,16
D.R.A.M. Featuring Lil Yachty,37
Jeremih,27
The Chainsmokers Featuring Rozes,31
Chris Brown Featuring Tyga & Kevin McCall,27
Tory Lanez,46
Ava Max,26
City Girls,15
Hailee Steinfeld & Grey Featuring Zedd,29
Ellie Goulding X Diplo Featuring Swae Lee,25
Karmin,38
Clean Bandit Featuring Sean Paul & Anne-Marie,27
Gym Class Heroes Featuring Adam Levine,37
Jay Z Kanye West,49
Morgan Evans,8
Kris Allen,24
Chris Jamison & Adam Levine,1
Beyonce Featuring James Blake,1
Marshmello & Bastille,43
Waka Flocka Flame Featuring Trey Songz,1
Lana Del Rey Featuring The Weeknd,1
"6ix9ine, Fetty Wap & A Boogie Wit da Hoodie",8
Shawn Mendes X Zedd,16
Young The Giant,4
B.o.B Featuring 2 Chainz,29
Jessie J,39
Huncho Jack Featuring Takeoff,1
Pusha T,3
Eminem & Jessie Reyez,1
Offset Featuring J. Cole,1
Lee DeWyze & Crystal Bowersox,2
Hannah Montana Featuring Iyaz,1
T.I. Featuring Big K.R.I.T.,1
Kid Rock,1
Chris Blue,1
Taylor Swift Featuring Ed Sheeran,20
Janet Featuring J. Cole,2
Kygo & Ellie Goulding,1
Big Sean & Metro Boomin Featuring Travis Scott,1
Eminem Featuring Jessie Reyez,1
ScHoolboy Q Featuring 21 Savage,1
Panic! At The Disco Featuring Lolo,1
Meek Mill Featuring Lil Uzi Vert & Nicki Minaj,1
Bhad Bhabie,4
Anne Hathaway,3
Lil Jon Featuring 3OH!3,2
T.I. Featuring Chris Brown,1
David Guetta Featuring Taio Cruz & Ludacris,1
Juliet Simms,2
Terry McDermott,2
Big Sean Featuring E-40,29
Pitbull Featuring Enrique Iglesias,8
Blake Shelton Featuring Gwen Stefani,1
Meek Mill Featuring Young Thug & 21 Savage,1
J Balvin & Willy William Featuring Beyonce,29
Macklemore Featuring Kesha,19
Ariana Grande & Victoria Monet,2
Drake Featuring Alicia Keys,1
Josh Kaufman,2
OK Go,1
Missy Elliott Featuring Lamb,1
Metro Boomin Featuring Offset & Drake,5
"YG, Tyga & Jon Z",6
Rebecca Black,6
"Waka Flocka Flame Featuring Nicki Minaj, Tyga & Flo Rida",1
Drake Featuring Pimp C & dvsn,2
Jennifer Lopez & Lin-Manuel Miranda,1
Jacob Sartorius,3
Future & Juice WRLD Featuring Young Scooter,1
Metro Boomin Featuring Swae Lee & Travis Scott,1
Zac Brown Band Featuring Jimmy Buffett,20
Adam Wakefield,2
Kris Wu,1
Meek Mill Featuring Swizz Beatz,1
Wiz Khalifa Featuring Lil Skies,1
Ricky Martin Featuring Natalia Jimenez,2
Tyga Featuring Nicki Minaj,1
Kristen Bell & Idina Menzel,19
Christina Grimmie,3
Nelly Featuring Keri Hilson,1
Mike WiLL Made-It x Rihanna,1
Lil Wayne Featuring Gudda,1
Nicki Minaj Featuring Rihanna,20
Enrique Iglesias Featuring Pitbull & The WAV.s,3
Tessanne Chin & Adam Levine,1
gnash Featuring Johnny Yukon,1
G-Eazy & Kehlani,5
Martina McBride,36
The Black Keys,33
Dillon Francis & DJ Snake,9
Romeo Santos,10
Reik Featuring Ozuna & Wisin,3
Victorious Cast Featuring Victoria Justice,14
DJ Khaled Featuring Kanye West & Rick Ross,2
Avril Lavigne Featuring Chad Kroeger,2
Bea Miller,1
Gucci Mane & Nicki Minaj,1
Martin Garrix Featuring Khalid,5
Asher Roth,1
"Kanye West Featuring Jay-Z, Rick Ross, Bon Iver & Nicki Minaj",10
Lil Wayne Featuring Drake & Jadakiss,1
50 Cent Featuring Dr. Dre & Alicia Keys,1
Flo Rida Featuring Jason Derulo,1
"Metro Boomin Featuring Travis Scott, Kodak Black & 21 Savage",1
Alec Benjamin Featuring Alessia Cara,9
Eminem Featuring Gwen Stefani,2
KYLE Featuring Lil Yachty,30
RiceGum Featuring Alissa Violet,1
WALK THE MOON,61
Troye Sivan,20
Bhad Bhabie Featuring Lil Yachty,3
Logic Featuring Ryan Tedder,1
Derez De'Shon,11
YFN Lucci Featuring Migos & Trouble,11
Shakira Featuring Dizzee Rascal,11
DJ Luke Nasty,18
Kreayshawn,10
Birdman Featuring Lil Wayne,10
French Montana Featuring Kodak Black,13
Nico & Vinz,43
Enrique Iglesias Featuring Pitbull,38
Sheck Wes,28
Pitbull Featuring Christina Aguilera,24
Bobby Shmurda,28
Dev,20
Usher Featuring Juicy J,23
Nicki Minaj Featuring Drake,23
Idina Menzel,33
Rixton,20
Julia Michaels,29
Cee Lo Green,48
Marian Hill,17
"Jay Rock, Kendrick Lamar, Future & James Blake",20
Michael Jackson Duet With Akon,9
Bandit Gang Marco Featuring Dro,9
Shawn Mendes & Camila Cabello,20
Hillsong UNITED,13
YG Featuring A$AP Rocky,2
"Major Lazer Featuring Travis Scott, Camila Cabello & Quavo",3
A$AP Rocky Featuring Rod Stewart x Miguel x Mark Ronson,2
"will.i.am Featuring Miley Cyrus, French Montana, Wiz Khalifa & DJ Mustard",2
The Dirty Heads Featuring Rome,8
Zara Larsson,17
Jonas Blue Featuring Dakota,5
Migos Featuring Lil Uzi Vert,36
Desiigner,60
Justin Timberlake Featuring JAY Z,26
Jason Derulo Featuring 2 Chainz,33
Young Money Featuring Lloyd,22
Iggy Azalea Featuring Rita Ora,30
Hozier,41
Polo G Featuring Lil Tjay,12
La Roux,27
Capital Cities,43
Jon Bellion,22
Trey Songz Featuring Fabolous,24
Enrique Iglesias Featuring Descemer Bueno & Gente de Zona,30
J. Cole Featuring Miguel,29
Florida Georgia Line Featuring Nelly,54
Omarion Featuring Chris Brown & Jhene Aiko,37
Jessie J Featuring B.o.B,20
Lillywood & Robin Schulz,20
Tinashe Featuring ScHoolboy Q,24
Zedd Featuring Foxes,33
Jidenna Featuring Roman GianArthur,21
Meek Mill Featuring Chris Brown & Nicki Minaj,20
MKTO,27
Jason Derulo Featuring Nicki Minaj & Ty Dolla $ign,20
"Fat Joe, Remy Ma & Jay Z Featuring French Montana & Infared",20
Cali Swag District,20
Ty Dolla $ign Featuring B.o.B,20
Will Young,1
David Guetta Featuring Jennifer Hudson,1
Lindsey Stirling,1
Camila Cabello Featuring Quavo,1
Danny Gokey,1
Jordin Sparks,1
Mariah Carey,31
Chris Brown Featuring Future & Young Thug,2
Liam Payne & Rita Ora,3
Nipsey Hussle Featuring YG,3
B.o.B Featuring Rivers Cuomo,20
Jermaine Paul,1
Jay Z Featuring Frank Ocean,1
Matt McAndrew & Adam Levine,1
Huncho Jack Featuring Offset,1
XXXTENTACION Featuring Joey Bada$$,1
Disney's Friends For Change,1
Sean Kingston,1
Lil Wayne Featuring T-Pain,1
Koryn Hawthorne,1
"DJ Khaled Featuring Big Sean, Kendrick Lamar & Betty Wright",1
Swae Lee Featuring Slim Jxmmi,1
Jay Sean Featuring Pitbull,1
Michelle Chamuel,2
Enrique Iglesias Featuring Marco Antonio Solis,1
The Weeknd Featuring Labrinth,1
Ariana Grande Featuring Future,7
Gorillaz Featuring George Benson,1
Eminem Featuring Nate Ruess,8
Chance The Rapper Featuring Lil Wayne & 2 Chainz,26
Jake Paul & Erika Costell Featuring Uncle Kade,1
"Farruko, Nicki Minaj, Bad Bunny, 21 Savage & Rvssian",6
Lauv & Troye Sivan,6
Miranda Cosgrove,16
The Script Featuring will.i.am,25
Wiz Khalifa Featuring Akon,1
"Shaggy Featuring Mohombi, Faydee, Costi",8
TK Kravitz Featuring Jacqueez,3
Jack Johnson,5
Jess Glynne,6
"DJ Khaled Featuring Travis Scott, Rick Ross & Big Sean",1
Janet & Daddy Yankee,1
Kodak Black Featuring Lil Pump,1
3OH!3 Featuring Neon Hitch,2
Rise Against,1
Big Sean Featuring Chris Brown,21
Nickelback,47
Calvin Harris Featuring Ne-Yo,20
Pusha T Kanye West,1
Danielle Bradbery,20
R. Kelly Featuring 2 Chainz,1
B.o.B Featuring Priscilla,5
Mariah Carey Featuring YG,1
Billie Eilish & Khalid,22
Trippie Redd Featuring Kodie Shane,1
Sam Adams,1
David Guetta Featuring Chris Brown & Lil Wayne,14
Britt Nicole,3
Glen Campbell,1
Sheppard,21
Jordan Smith & Adam Levine,1
Zedd & Elley Duhe,1
"Marshmello, Tyga & Chris Brown",1
Diddy - Dirty Money Featuring Drake,2
A Rocket To The Moon,1
Roscoe Dash,4
Zedd & Liam Payne,1
Cody Johnson,16
PnB Rock & XXXTENTACION,1
Eddie Vedder,1
The-Dream,3
Lupe Fiasco,35
Sam Palladio & Clare Bowen,1
Christina Aguilera With Blake Shelton,2
WE the Kings,1
Chris Brown Featuring Usher & Rick Ross,22
Common & John Legend,3
Kygo Featuring Conrad,1
Barrett Baber,1
2 Chainz x Gucci Mane x Quavo,16
Florida Georgia Line Featuring Backstreet Boys,19
"Lorde Featuring Khalid, Post Malone & SZA",1
Clean Bandit Featuring Julia Michaels,1
Big Time Rush,14
Waka Flocka Flame Featuring Kebo Gotti,9
Candice Glover,1
Bradley Cooper,1
Quavo,17
Dua Lipa & BLACKPINK,1
Usher Featuring Plies,21
Kaskade Featuring Neon Trees,1
Kendrick Lamar Featuring MC Eiht,3
2 Chainz Featuring Drake & Lil Wayne,1
Hannah Huston,1
CL,1
Jake Paul Featuring Team 10,2
Jaheim,5
Ashton Shepherd,1
Dave Matthews Band,3
Enrique Iglesias,8
Young Greatness,9
Carlos Vives & Shakira,1
Pitbull Featuring Flo Rida & LunchMoney Lewis,4
PARTYNEXTDOOR,7
Aventura,1
Lil Peep & iLoveMakonnen Featuring Fall Out Boy,9
Quavo & Lil Yachty,5
Chris Brown Featuring Lil Wayne & Swizz Beatz,9
Birdman Featuring Lil Wayne & Drake,10
Lupe Fiasco & Guy Sebastian,20
6ix9ine Featuring Tory Lanez & Young Thug,1
Lil Yachty Featuring Trippie Redd,1
"Lunay, Daddy Yankee & Bad Bunny",5
Godsmack,3
Seether,18
Reeve Carney Featuring Bono & The Edge,1
Christina Aguilera & Beverly McClellan,1
Damien,1
Solange,2
"21 Savage, Offset & Metro Boomin Featuring Quavo",3
Kygo & Imagine Dragons,2
Gunna Featuring Young Thug,1
Mary J. Blige & Andrea Bocelli,1
T-Pain,1
Pitbull Featuring Marc Anthony,19
Lea Michele,1
Post Malone Featuring Justin Bieber,2
French Montana Featuring The Weeknd & Max B,1
Lloyd Banks Featuring Juelz Santana,16
Snoop Dogg Featuring T-Pain,4
David Guetta Featuring Ne-Yo & Akon,9
Katy Perry Featuring Migos,6
Rae Sremmurd & Juicy J,17
H.E.R. Featuring Bryson Tiller,1
6LACK Featuring J. Cole,1
Lil Wayne Featuring Ashanti & Mack Maine,1
Brad Paisley Featuring LL Cool J,1
"Fergie, Q-Tip & GoonRock",2
PIKOTARO,4
"Meek Mill Featuring Future, Roddy Ricch & Young Thug",1
Cage The Elephant,4
LMFAO Featuring Lauren Bennett & GoonRock,68
Snow Patrol,1
Sean Paul,1
The Killers,3
Prince Royce,12
Rick Ross Featuring Kanye West & Big Sean,1
Idina Menzel Duet With Michael Buble,1
Lil Yachty Featuring Migos,4
Young Thug Featuring Gunna & Lil Baby,4
Meek Mill Featuring 21 Savage,1
Lifehouse Featuring Natasha Bedingfield,2
Hilary Duff,2
Lil Peep,1
Meek Mill Featuring Jeremih & PnB Rock,20
Lindsey Pavao,1
Buck 22 Featuring Billy Ray Cyrus,1
Taylor Swift Featuring Kendrick Lamar,25
Big Sean Featuring Kanye West,1
Machine Gun Kelly x Camila Cabello,23
Jennifer Lopez Featuring DJ Khaled & Cardi B,1
Christopher Wilde & Anna Margaret,1
Disturbed,21
Troop 41,8
Gwyneth Paltrow,2
Lloyd Featuring Andre 3000 & Lil Wayne,5
Wale Featuring Meek Mill & Rick Ross,1
Glee Cast Featuring Ricky Martin,2
NERO,10
Jay Z Featuring Beyonce,16
Gucci Mane & Drake,1
"Enrique Iglesias Featuring Descemer Bueno, Zion & Lennox Or Sean Paul",9
Blac Youngsta,5
Pitbull x El Chombo x Karol G Featuring Cutty Ranks,9
Mustard & Migos,20
The Lonely Island Featuring Nicki Minaj,1
Don Omar & Lucenzo,5
Faith Hill,1
"Game Featuring Chris Brown, Tyga, Wiz Khalifa & Lil Wayne",12
"Ross Lynch, Grace Phipps And Jason Evigan",3
Beyonce Featuring Nicki Minaj Or Chimamanda Ngozi Adichie,20
Travi$ Scott Featuring Future & 2 Chainz,1
Sam Smith Featuring Logic,1
Migos & Marshmello,1
Maroon 5 Featuring Rozzi Crane,1
Fat Joe Featuring Chris Brown,6
Will Champlin,1
Wiz Khalifa Featuring Rae Sremmurd,1
Post Malone Featuring Quavo,50
Young Thug Featuring Future,14
Pharrell Williams x Camila Cabello,1
Tyga & Nicki Minaj,8
Lil Jon Featuring LMFAO,1
Ariana Grande & Nathan Sykes,2
"Juicy J, Wiz Khalifa & Ty Dolla $ign Featuring Kill The Noise & Madsonik",3
Madonna Featuring Nicki Minaj,2
Big Sean Featuring Chris Brown & Ty Dolla $ign,14
Meek Mill Featuring Quavo,1
Khalid x SAFE,1
Prince Royce Featuring Snoop Dogg,10
Rihanna Featuring David Guetta,9
Tucker Beathard,10
Mabel,10
Mary Lambert,10
Megan Thee Stallion,10
Chris Brown Featuring Kevin K-MAC McCall,20
Jeezy Featuring Jay Z,2
The Chainsmokers Featuring Daya,52
Blink-182,5
Zac Efron & Zendaya,7
ScHoolboy Q + Travis Scott,1
Lewis Capaldi,5
Snow Patrol Featuring Martha Wainwright,5
New Hollow,6
Nicole Scherzinger,1
Justin Bieber Duet With Mariah Carey,1
Melanie Martinez,2
Rick Ross Featuring Jay-Z,1
Jessie J Featuring 2 Chainz,6
Nelly Featuring Jeremih,20
Britney Spears Featuring Tinashe,1
A Boogie Wit da Hoodie Featuring PnB Rock & YoungBoy Never Broke Again,1
NAV Featuring Travis Scott,1
Zedd & Katy Perry,1
50 Cent,1
Mat Kearney,1
JoJo,1
Tony Bennett & Amy Winehouse,1
Carly Rae Jepsen Featuring Justin Bieber,1
Chris Brown Featuring Aaliyah,2
MIKA Featuring Ariana Grande,2
Jacquie Lee,1
Sophia Grace,1
Ariana Grande & John Legend,1
Logic Featuring Damian Lemar Hudson,1
Blackbear,18
The Chainsmokers Featuring Emily Warren,6
Loud Luxury Featuring Brando,8
Eminem Featuring Kobe,1
"Bridgit Mendler, Adam Hicks, Naomi Scott & Hayley Kiyoko",4
Afrojack Featuring Chris Brown,3
Labrinth Featuring Emeli Sande,14
The FiNATTiCZ,10
Gavin DeGraw,40
Zedd Featuring Jon Bellion,14
Lil Yachty,20
Martin Garrix & Dua Lipa,14
DJ Suede The Remix God,3
Machine Gun Kelly Featuring Hailee Steinfeld,8
Lil Yachty Featuring Ugly God,1
Keith Urban Featuring Julia Michaels,7
Quavo Featuring Travis Scott,1
Khalid Featuring Empress Of,1
Glee Cast Featuring Olivia Newton-John,1
Antoine Dodson & The Gregory Brothers Featuring Kelly Dodson,3
T-Pain Featuring Rick Ross,1
Duck Sauce,1
Tyga Featuring Drake,1
Rick Ross Featuring Wale & Drake,16
Pitbull Featuring TJR,20
Gucci Mane Featuring Kanye West,1
Flo Rida & 99 Percent,6
Young Thug Featuring Nicki Minaj,1
Weezer,17
NAV Featuring Meek Mill,1
Chiddy Bang,2
Jesse McCartney,12
My Darkest Days Featuring Zakk Wylde,7
Casey Weston,1
Kid Ink Featuring Meek Mill & Wale,1
"DJ Drama Featuring Wale, Tyga & Roscoe Dash",1
Tegan And Sara,3
Travie McCoy Featuring Jason Mraz,5
I Prevail,1
The Game Featuring Drake,10
Naughty Boy Featuring Beyonce & Arrow Benjamin,1
G-Eazy Featuring Yo Gotti & YBN Nahmir,8
Lauren Daigle,45
Daddy Yankee & Katy Perry Featuring Snow,19
French Montana Featuring Blueface & Lil Tjay,1
Lil Wayne Featuring Shanell AKA SNL,1
Hannah Montana,2
matchbox twenty,17
2 Chainz Featuring Kanye West,20
Ty Dolla $ign Featuring Wiz Khalifa & DJ Mustard,20
Action Bronson Featuring Chance The Rapper,1
Solange Featuring Sampha,1
Maren Morris Featuring Vince Gill,1
Joyner Lucas & Chris Brown,1
John Rich Featuring The Five,1
Kid Cudi Featuring Cee-Lo,1
Joe Jonas,1
Amber Carrington,1
Lil Jon Featuring Tyga,3
Meghan Linsey,1
Prince Royce Featuring Jennifer Lopez & Pitbull,2
ScHoolboy Q Featuring Kanye West,20
Wiz Khalifa Featuring Ty Dolla $ign,1
Maluma X Nego do Borel,9
Jacquees X Dej Loaf,7
Chris Lane Featuring Tori Kelly,12
Pardison Fontaine Featuring Cardi B,20
Pedro Capo X Farruko,13
"SZA, The Weeknd & Travis Scott",2
Ozuna,2
"The Barden Bellas, The Treblemakers & The BU Harmonics",5
The White Buffalo & The Forest Rangers,1
Cashmere Cat Featuring Ariana Grande,1
Nick Fradiani,1
The Weeknd Featuring Ed Sheeran,3
Ty Dolla $ign Featuring E-40,9
Chance The Rapper Featuring Ty Dolla $ign,1
Marshmello,11
Migos Featuring DJ Khaled,1
Kodak Black Featuring Future,1
Bad Bunny,1
Nipsey Hussle Featuring Kendrick Lamar,2
Lil Tecca,2
Dev Featuring The Cataracs,12
James Blunt,1
Iyaz Featuring Travie McCoy,14
Romeo Santos Featuring Usher,9
K. Michelle,11
Wisin Featuring Jennifer Lopez & Ricky Martin,1
Busta Rhymes Featuring Eminem,1
G-Eazy,2
Ben Rector,5
Frenship & Emily Warren,10
Calum Scott,2
Big Sean & Metro Boomin Featuring 21 Savage,2
A Boogie Wit da Hoodie Featuring Juice WRLD,3
2 Chainz Featuring Ariana Grande,2
"Yella Beezy, Gucci Mane & Quavo",3
Mario,1
Natasha Bedingfield,4
Lil Wayne Featuring John Legend,1
Michel Telo,12
Justin Bieber Featuring Drake,1
Grace Potter & The Nocturnals,1
French Montana Featuring Jeremih,1
LunchMoney Lewis,6
Major Lazer Featuring Ellie Goulding & Tarrus Riley,6
6LACK,8
"Sofia Carson, Cameron Boyce, Booboo Stewart & Mitchell Hope",1
Gucci Mane Featuring Slim Jxmmi & Young Dolph,1
Romeo Santos Featuring Nicky Jam & Daddy Yankee,1
benny blanco & Juice WRLD Featuring Brendon Urie,6
Nicky Jam X Ozuna,5
Taio Cruz Featuring Ke$ha,1
Plain White T's,21
Soundgarden,1
Calvin Harris Featuring Florence Welch,27
Nicholas David,1
The Barden Bellas,6
Joe Budden Featuring Lil Wayne & Tank,1
J. Cole Featuring Amber Coffman & The Cults,5
The 1975,7
"Steve Aoki, Chris Lake & Tujamo Featuring Kid Ink",3
Meek Mill Featuring Nicki Minaj,2
Zendaya Featuring Chris Brown,3
Shakira Featuring Maluma,18
High Valley,8
2 Chainz Featuring YG & Offset,2
Nas Featuring Kanye West,1
Joji,1
NLE Choppa,8
V V Brown,6
Rej3ctz,1
Jill Scott Featuring Anthony Hamilton,1
Don Omar,1
Waka Flocka Flame Featuring Drake,8
Kelly Clarkson Featuring Vince Gill,3
Amanda Brown,1
Ludacris Featuring Kelly Rowland,4
Macklemore & Ryan Lewis Featuring Ray Dalton,39
Fabolous Featuring Chris Brown,8
Arianna Featuring Pitbull,1
"Major Lazer Featuring Bruno Mars, Tyga & Mystic",9
Train Featuring Ashley Monroe,8
Charlie Worsham,2
TeeFLii Featuring 2 Chainz,7
PSY Featuring CL,1
Rick Ross Featuring Chris Brown,1
Curren$Y Featuring August Alsina & Lil Wayne,1
PARTYNEXTDOOR Featuring Drake,24
Miguel Featuring Travis Scott,25
Clean Bandit Featuring Demi Lovato,13
Gunna Featuring Playboi Carti,1
Alice Merton,3
"Drake Featuring Kanye West, Lil Wayne & Eminem",11
Drake Featuring Lil Wayne & Young Jeezy,4
Gyptian,15
Gotye,1
Rudimental Featuring Ed Sheeran,16
"Calvin Harris Featuring Young Thug, Pharrell Williams & Ariana Grande",1
Iggy Azalea Feauring Tyga,1
Silk City x Dua Lipa,10
P!nk Featuring Chris Stapleton,1
Shiny Toy Guns,1
Kirk Franklin,18
Mindless Behavior Featuring Diggy,10
Wale Featuring Kid Cudi,1
Samantha Barks,1
Snootie Wild Featuring K Camp,3
Annie Lennox,1
Big Sean Featuring Kanye West & John Legend,10
"Kevin Gates Featuring Trey Songz, Ty Dolla $ign & Jamie Foxx",1
A$AP Ferg Featuring Future,3
Big Sean Featuring Jeremih,1
Meek Mill Featuring Lil Uzi Vert,1
Becky G Featuring Bad Bunny,17
Lil Mosey,11
Jennifer Hudson Featuring The Roots,1
Big Sean Featuring Wiz Khalifa,1
Tyga Featuring Chris Richardson,7
Usher Featuring Rick Ross,20
Jennifer Lopez Featuring French Montana,2
Jake Worthington,1
Who Is Fancy,1
Madi Davis,1
G-Eazy Featuring Chris Brown & Tory Lanez,1
Eric Church Featuring Rhiannon Giddens,15
Noah Cyrus Featuring Labrinth,15
Enrique Iglesias Featuring Bad Bunny,1
Lil Yachty Featuring Playboi Carti,1
Hikaru Utada & Skrillex,1
Jason Michael Carroll,1
Drake Featuring T.I. & Swizz Beatz,20
Evanescence,2
Justin Bieber Featuring Busta Rhymes,2
Dev & Enrique Iglesias,1
Cher Lloyd Featuring Becky G,2
Sheryl Crow,8
Beyonce Featuring Drake,2
alt-J,1
Empire Cast Featuring Jussie Smollett,1
"Kendrick Lamar Featuring Bilal, Anna Wise & Snoop Dogg",1
A Great Big World Featuring FUTURISTIC,2
Ariana Grande Featuring Lil Wayne,1
Galantis,5
Olivia O'Brien,1
Nicky Jam,34
Future Featuring YG,1
Camila Cabello Featuring Young Thug,45
Hailee Steinfeld & Alesso Featuring Florida Georgia Line & Watt,21
"21 Savage, Offset & Metro Boomin",1
Janelle Monae,1
Alpha Rev,1
Yellowcard,1
"Game Featuring Lil Wayne & Tyler, The Creator",1
Mana Featuring Prince Royce,1
Chief Keef Featuring Lil Reese,3
Future Featuring Lil Wayne,12
Future Featuring Kanye West,3
Jamie N Commons & X Ambassadors,2
G-Eazy Featuring Remo,4
Wiz Khalifa & Iggy Azalea,2
Kimberly Nichole,1
2 Chainz Featuring Lil Wayne,2
Alisan Porter,1
Rag'n'Bone Man,7
DeJ Loaf,21
H.E.R.,1
Mitchell Tenpenny,21
Quavo Featuring Lil Baby,1
2 Chainz Featuring Kendrick Lamar,1
Lizzo,8
Perry Como And The Fontane Sisters With Mitchell Ayres And His Orchestra,1
Craig Morgan,26
Three Days Grace,6
Rick Ross Featuring Drake & Chrisette Michele,20
ROCKMAFIA,1
Wale Featuring Jeremih & Rick Ross,18
B.o.B Featuring Andre 3000,2
Juicy J Featuring Big Sean & Young Jeezy,8
Sean Kingston Featuring Chris Brown & Wiz Khalifa,18
Demi Lovato Featuring Cher Lloyd,18
The Neighbourhood,37
Usher & Michelle Chamuel,1
Emblem3,3
Wale Featuring Jeremih,6
A-Trak + Milo & Otis Featuring Rich Kidz,1
Tim McGraw With Catherine Dunn,17
David Guetta Featuring Sia & Fetty Wap,6
Dierks Bentley Featuring Elle King,20
A$AP Ferg,5
Garth Brooks,7
Liam Payne,1
Devin Dawson,19
Jhene Aiko Featuring Swae Lee Or Rae Sremmurd,16
Rae Sremmurd & Travis Scott,1
YG,12
Kellie Pickler,2
Theory Of A Deadman,1
Enrique Iglesias Featuring Juan Luis Guerra,5
Rihanna Featuring Slash,5
Willow,19
Thirty Seconds To Mars,3
Xenia,2
Edens Edge,6
Diggy Featuring Jeremih,8
Macklemore & Ryan Lewis Featuring Mary Lambert,30
Wale Featuring Tiara Thomas Or Rihanna,26
Arcade Fire,1
ScHoolboy Q Featuring Kendrick Lamar,8
U2,2
Andrew McMahon In The Wilderness,3
Starley,18
Natti Natasha x Ozuna,3
Plies,5
Backstreet Boys,10
Becky G + Natti Natasha,12
Roddy Ricch,2
Rick Ross Featuring Ne-Yo,1
Aaron Lewis Featuring George Jones & Charlie Daniels,2
China Anne McClain,5
"YG Featuring Tyga, Snoop Dogg & Nipsey Hussle",1
deadmau5 Featuring Greta Svabo Bech,1
Estelle,1
Casey James,9
Big Sean Featuring Lil Wayne & Jhene Aiko,20
Bonnie McKee,6
Yo Gotti Featuring Jeezy & YG,1
Katy Tiz,1
Afrojack Featuring Wrabel,1
Ne-Yo Featuring Juicy J,20
Taylor John Williams,1
Hoodie Allen Featuring Ed Sheeran,4
NEEDTOBREATHE Featuring Gavin DeGraw,2
The Game Featuring Jeremih,5
Wale Featuring Lil Wayne,1
G-Eazy Featuring Marc E. Bassy,3
Halsey Featuring Lauren Jauregui,1
Plies Featuring Kodak Black,1
Shakira Featuring Nicky Jam,1
"Sofi Tukker Featuring NERVO, The Knocks & Alisa Ueno",5
SZA,28
Halsey Featuring Big Sean & Stefflon Don,14
Sech Featuring Darell,1
Jay-Z + Alicia Keys,16
Ester Dean Featuring Chris Brown,3
Owl City,18
Cascada,8
"benny blanco, Halsey & Khalid",25
Phoenix,11
"Jay-Z, Rihanna & Kanye West",3
Gucci Mane X Bruno Mars X Kodak Black,26
Alex Clare,44
"Quality Control Featuring Quavo, Takeoff & Offset",1
"Quavo, Takeoff & Offset",3
DJ ESCO Featuring Future & Lil Uzi Vert,20
"DJ Khaled Featuring JAY Z, Future & B",7
Chloe Kohanski,1
SHAED,2
Rick Ross Featuring Young Thug & Wale,1
Jhene Aiko,23
Young Money Featuring Drake,20
Iggy Azalea Featuring Jennifer Hudson,5
Olly Murs Featuring Flo Rida,20
Zedd & Kesha,1
P!nk Featuring Lily Allen,14
Nicki Minaj Featuring Drake & Lil Wayne,20
Bella Thorne,2
I LOVE MAKONNEN Featuring Drake,22
DJ Snake & Lil Jon,37
David Guetta Featuring Nicki Minaj,27
City Girls Featuring Cardi B,13
Gorilla Zoe Featuring Lil Jon,1
Boys Like Girls Featuring Taylor Swift,13
OG Maco Featuring 2 Chainz,4
Rocko Featuring Future & Rick Ross,20
MadeinTYO,20
How I Became The Bomb,1
A Boogie Wit da Hoodie Featuring 21 Savage,1
Five Finger Death Punch,1
Queen & David Bowie,1
FLETCHER,6
Lil Uzi Vert Featuring The Weeknd,1
French Montana Featuring Swae Lee,41
T-Pain Featuring B.o.B,20
Morgan Wallen Featuring Florida Georgia Line,20
Mariah Carey Featuring Nicki Minaj,1
Metro Boomin Featuring Travis Scott & Young Thug,1
Crystal Bowersox,1
LoveRance Featuring IamSu & Skipper or 50 Cent,20
Mark Ronson Featuring Bruno Mars,56
Meek Mill Featuring Fabolous & Anuel AA,3
Future Featuring Drake,43
Ozuna x Manuel Turizo,2
Chris Jamison,2
Nipsey Hussle Featuring Stacy Barthe,1
Beyonce Featuring Lady Gaga,2
Marc Anthony,5
Tyga & Justin Bieber,1
Shakira Featuring Freshlyground,18
6ix9ine Featuring A Boogie Wit da Hoodie,3
Tank,19
Jesse McCartney Featuring T-Pain,4
Prince And The Revolution,8
blackbear,7
David Guetta Featuring Akon,21
Uncle Kracker,14
Wham! Featuring George Michael,1
Enya,1
LMFAO Featuring Lil Jon,16
Creed,2
Birdman Featuring Drake & Lil Wayne,2
Nat King Cole,11
Queen,3
Brenda Lee,15
Prince,6
Ylvis,18
Blanco Brown,1
"Hugh Jackman, Keala Settle, Zac Efron, Zendaya & The Greatest Showman Ensemble",4
Sia Featuring Kendrick Lamar,23
James Newton Howard Featuring Jennifer Lawrence,17
"Young Thug, J. Cole & Travis Scott",3
Aloe Blacc,20
Wale Featuring Usher,19
"Zedd, Maren Morris & Grey",40
Lord Huron,4
Jason Aldean With Luke Bryan & Eric Church,20
Christina Aguilera & Chris Mann,1
Tay-K,19
3 Doors Down,1
Skrillex & Diplo With Justin Bieber,45
Montgomery Gentry,15
David Guetta Featuring Flo Rida & Nicki Minaj,20
Jennifer Hudson,6
Morgan Wallen,15
Bing Crosby,2
"Migos Featuring Travis Scott, Ty Dolla $ign & Big Sean",1
Macklemore & Ryan Lewis Featuring ScHoolboy Q & Hollis,22
Jonn Hart Featuring IamSU!,15
Flo Rida Featuring Akon,15
YG Featuring Drake,20
The Chainsmokers Featuring 5 Seconds Of Summer,16
Nick Jonas & The Administration,1
John Mayer Featuring Katy Perry,2
David Guetta Featuring Rihanna,9
YG Featuring Drake & Kamaiyah,18
Jason Derulo Featuring Snoop Dogg,21
MGK Featuring Waka Flocka Flame,1
Kenny Chesney With Grace Potter,15
A$AP Rocky Featuring Skrillex,16
Jack & Jack,1
Flo Rida Featuring Sia,36
DJ Khaled Featuring Rihanna & Bryson Tiller,21
Pitbull Featuring G.R.L.,18
The JaneDear Girls,8
Erykah Badu,3
Jamie Foxx Featuring Justin Timberlake & T .I.,11
The Revivalists,9
DJ Khaled Featuring Cardi B & 21 Savage,4
"DJ Drama Featuring Chris Brown, Skeme & Lyquin",14
Fantasia Featuring Kelly Rowland & Missy Elliott,2
David Guetta Featuring Usher,30
V.I.C.,2
Selena Gomez X Marshmello,22
Kesha Featuring The Dap-Kings Horns,1
Yo Gotti Featuring Lil Wayne,7
Eminem Featuring P!nk,1
Paul McCartney,1
Christina Aguilera Featuring Nicki Minaj,2
J. Dash,15
"""Weird Al"" Yankovic",2
Lupe Fiasco Featuring Skylar Grey,1
Fifth Harmony Featuring Ty Dolla $ign,34
"Missy ""Misdemeanor"" Elliott",2
Rihanna Featuring Drake,58
Fifth Harmony Featuring Kid Ink,36
YK Osiris,17
Tinie Tempah Featuring Eric Turner,20
Missy Elliott Featuring Pharrell Williams,14
21 Savage & Metro Boomin Featuring Future,21
Nicky Jam x J Balvin,21
"ScHoolboy Q, 2 Chainz & Saudi",5
Kendrick Lamar Featuring U2,3
Birdman Featuring Nicki Minaj & Lil Wayne,1
Lil Yachty Featuring Juice WRLD,1
Kanye West Featuring T.I.,1
Lil Baby & Drake,29
Adam Levine & Tony Lucca,1
Janelle Monae & Jidenna,6
The Lonely Island Featuring Adam Levine & Kendrick Lamar,1
Marc E. Bassy Featuring G-Eazy,16
Migos Featuring Drake,22
Eminem Featuring Beyonce,4
Rich Homie Quan Featuring Problem,7
Empire Of The Sun,5
Mary Mary,5
Cher Lloyd,20
NAV Featuring Lil Uzi Vert,6
Logic Featuring Young Sinatra,1
Logic Featuring Big Sean,1
Steve Aoki Featuring BTS,1
Gucci Mane Featuring Plies Or OJ Da Juiceman,4
Juice WRLD Featuring Lil Uzi Vert,6
Tiesto Featuring Matthew Koma,12
Dae Dae,17
Bella Thorne & Zendaya,3
Silento,51
Travis Scott Featuring Lil Uzi Vert & Kanye West,5
Ugly God,4
Mr. Probz,25
K'Naan,6
Kaleo,8
Josh Thompson,9
Kanye West Featuring DJ Khaled,1
Pitbull Featuring Jennifer Lopez & Claudia Leitte,6
Artists For Haiti,5
fun. Featuring Janelle Monae,42
Justin Bieber Featuring Nas,1
Meek Mill Featuring Young Thug,1
T.I. Featuring B.o.B.,1
Charlie Puth Featuring Selena Gomez,24
Rihanna Featuring Calvin Harris,41
Opetaia Foa'i & Lin-Manuel Miranda,2
Soko,1
Yolanda Be Cool & Dcup,20
2 Chainz & Wiz Khalifa,7
Havana Brown Featuring Pitbull,22
B.o.B Featuring T.I. & Juicy J,20
A Tribe Called Quest,1
Keith Urban And Miranda Lambert,20
WE the Kings Featuring Demi Lovato,6
Drake Featuring Birdman,1
DJ Khaled Featuring Meek Mill & Lil Baby,1
"DJ Khaled Featuring Rick Ross, Plies, Lil Wayne & T-Pain",7
"Diplo, French Montana & Lil Pump Featuring Zhavia Ward",4
Kendrick Lamar Featuring George Clinton & Thundercat,1
Chris Brown Featuring Ludacris,10
Austin Mahone,9
Lil Wayne Featuring Sosamann,1
Chris Medina,1
Kane Brown Featuring Lauren Alaina,23
Maroon 5 Featuring SZA,21
Broadway For Orlando,1
Pusha T Featuring Kanye West,1
Meek Mill Featuring Rick Ross & JAY-Z,2
Meek Mill Featuring Chris Brown & Ty Dolla $ign,13
R. Kelly,1
Sara Ramirez,1
Lil Uzi Vert Featuring Nicki Minaj,15
Ariana Grande Featuring Mac Miller,26
Khalid & Swae Lee,3
Martin Garrix x Troye Sivan,1
Riley Green,8
"Kendrick Lamar Featuring Bilal, Anna Wise & Thundercat",1
Rico Love,7
Jennifer Hudson & Ne-Yo Featuring Rick Ross,2
Chris Young Duet With Cassadee Pope,20
Calvin Harris Featuring Ayah Marar,6
The Chainsmokers Featuring Kelsea Ballerini,20
Kungs vs Cookin' On 3 Burners,14
Florida Georgia Line Featuring Luke Bryan,28
Keala Settle & The Greatest Showman Ensemble,14
Armin van Buuren Featuring Trevor Guthrie,1
Calvin Harris Featuring Rihanna,32
Blueface,20
Nicki Minaj Featuring The Weeknd,1
Macklemore & Ryan Lewis Featuring Wanz,49
Rae Sremmurd Featuring Nicki Minaj & Young Thug,20
Slaughterhouse Featuring Eminem,1
Imagine Dragons + Khalid,1
"Labrinth, Sia & Diplo Present... LSD",5
Meek Mill Featuring Kodak Black,1
6ix9ine Featuring Lil Baby,3
New Boyz Featuring Ray J,17
Tinie Tempah Featuring Wiz Khalifa,4
Britney Spears Featuring Nicki Minaj & Ke$ha,24
Pitbull Featuring Ke$ha,39
Pitbull & Ne-Yo,27
A Boogie Wit da Hoodie Featuring DJ SPINKING,4
Lil Baby Featuring Meek Mill,1
David Guetta Featuring Sia,33
"Kanye West, R. Kelly",2
Shania Twain,1
Grouplove,20
John Legend Featuring Ludacris,12
Enrique Iglesias Featuring Ludacris & DJ Frank E,25
Carly Rae Jepsen Featuring Nicki Minaj,1
Outasight,20
Cobra Starship,4
Timbaland Featuring Katy Perry,17
Omarion Featuring Gucci Mane,1
Whitney Houston,8
George Michael,1
Bon Jovi,1
Ghost Town DJ's,5
Bobby Helms,9
Kid Cudi Featuring MGMT & Ratatat,1
Chuck Berry,1
Kenny Chesney Featuring Grace Potter,20
Wiz Khalifa Featuring Snoop Dogg & Ty Dolla $ign,10
Fabolous,18
Walker Hayes,18
Jamie Foxx Featuring Chris Brown,2
Future Featuring Nicki Minaj,2
Grace Featuring G-Eazy,20
DJ Snake & AlunaGeorge,21
Cobra Starship Featuring Sabi,29
Lucy Hale,1
"DJ Khaled Featuring Meek Mill, J Balvin, Lil Baby & Jeremih",3
Rick Ross Featuring Nicki Minaj,17
Empire Cast Featuring Jussie Smollett & Yazz,4
Dwayne Johnson,13
Meek Mill Featuring Kirko Bangz,10
Jay-Z + Mr. Hudson,20
Snoop Dogg & Wiz Khalifa Featuring Bruno Mars,32
Shawn Mendes Featuring Khalid,2
Kodak Black Featuring Travis Scott & Offset,25
Bad Wolves,18
Hot Chelle Rae,30
